ID_IGR,ID_TAXA,AVG_PB
1,Avg_PB_all_cohorts,3.991484045
1,Avg_PB_all_cohorts,3.305001268
1,Avg_PB_all_cohorts,3.912921062
1,Avg_PB_all_cohorts,3.031438411
1,Avg_PB_all_cohorts,3.131335699
1,Avg_PB_all_cohorts,3.680433532
1,Avg_PB_all_cohorts,3.752216364
1,Avg_PB_all_cohorts,3.522595999
1,Avg_PB_all_cohorts,3.624922763
1,Avg_PB_all_cohorts,4.084181522
1,Avg_PB_all_cohorts,3.790990137
1,Avg_PB_all_cohorts,3.216815494
1,Avg_PB_all_cohorts,3.667395514
1,Avg_PB_all_cohorts,3.587195309
1,Avg_PB_all_cohorts,3.125023868
1,Avg_PB_all_cohorts,3.821007366
1,Avg_PB_all_cohorts,3.066205037
1,Avg_PB_all_cohorts,3.290071649
1,Avg_PB_all_cohorts,3.254233018
1,Avg_PB_all_cohorts,3.333217311
1,Avg_PB_all_cohorts,4.10205272
1,Avg_PB_all_cohorts,3.566046205
1,Avg_PB_all_cohorts,2.819487174
1,Avg_PB_all_cohorts,3.301949706
1,Avg_PB_all_cohorts,3.893043209
1,Avg_PB_all_cohorts,3.848881334
1,Avg_PB_all_cohorts,3.71718744
1,Avg_PB_all_cohorts,3.637413393
1,Avg_PB_all_cohorts,3.877666279
1,Avg_PB_all_cohorts,3.082153669
1,Avg_PB_all_cohorts,3.852886262
1,Avg_PB_all_cohorts,3.758834618
1,Avg_PB_all_cohorts,4.026324315
1,Avg_PB_all_cohorts,3.439388704
1,Avg_PB_all_cohorts,4.006201172
1,Avg_PB_all_cohorts,3.9443332
1,Avg_PB_all_cohorts,3.095334937
1,Avg_PB_all_cohorts,4.0225364
1,Avg_PB_all_cohorts,3.770702573
1,Avg_PB_all_cohorts,3.51252858
1,Avg_PB_all_cohorts,2.943122261
1,Avg_PB_all_cohorts,3.168613797
1,Avg_PB_all_cohorts,3.858938368
1,Avg_PB_all_cohorts,3.083163187
1,Avg_PB_all_cohorts,3.560250878
1,Avg_PB_all_cohorts,3.845546659
1,Avg_PB_all_cohorts,4.215735524
1,Avg_PB_all_cohorts,4.087958848
1,Avg_PB_all_cohorts,3.163618173
1,Avg_PB_all_cohorts,3.836590789
1,Avg_PB_all_cohorts,3.639232711
1,Avg_PB_all_cohorts,3.272534514
1,Avg_PB_all_cohorts,3.638817772
1,Avg_PB_all_cohorts,3.262660472
1,Avg_PB_all_cohorts,4.323088979
1,Avg_PB_all_cohorts,4.118946853
1,Avg_PB_all_cohorts,3.598120842
1,Avg_PB_all_cohorts,3.336293281
1,Avg_PB_all_cohorts,3.517836447
1,Avg_PB_all_cohorts,3.603111237
1,Avg_PB_all_cohorts,4.086662755
1,Avg_PB_all_cohorts,3.68344784
1,Avg_PB_all_cohorts,3.23699321
1,Avg_PB_all_cohorts,3.861129101
1,Avg_PB_all_cohorts,3.773150438
1,Avg_PB_all_cohorts,2.932315814
1,Avg_PB_all_cohorts,3.611579619
1,Avg_PB_all_cohorts,4.006738338
1,Avg_PB_all_cohorts,3.844743367
1,Avg_PB_all_cohorts,4.121490568
1,Avg_PB_all_cohorts,3.708031893
1,Avg_PB_all_cohorts,3.6662811
1,Avg_PB_all_cohorts,3.669920934
1,Avg_PB_all_cohorts,3.810548668
1,Avg_PB_all_cohorts,3.136344418
1,Avg_PB_all_cohorts,3.539127848
1,Avg_PB_all_cohorts,3.47867033
1,Avg_PB_all_cohorts,3.123994726
1,Avg_PB_all_cohorts,3.693995954
1,Avg_PB_all_cohorts,3.087984442
1,Avg_PB_all_cohorts,4.245752348
1,Avg_PB_all_cohorts,3.402220582
1,Avg_PB_all_cohorts,4.789744169
1,Avg_PB_all_cohorts,3.794355443
1,Avg_PB_all_cohorts,3.6958927
1,Avg_PB_all_cohorts,4.196743387
1,Avg_PB_all_cohorts,3.337061563
1,Avg_PB_all_cohorts,3.567916395
1,Avg_PB_all_cohorts,3.880236789
1,Avg_PB_all_cohorts,3.81141306
1,Avg_PB_all_cohorts,3.791200377
1,Avg_PB_all_cohorts,3.030844125
1,Avg_PB_all_cohorts,3.582136062
1,Avg_PB_all_cohorts,3.377432716
1,Avg_PB_all_cohorts,3.692322287
1,Avg_PB_all_cohorts,3.722127907
1,Avg_PB_all_cohorts,3.225166556
1,Avg_PB_all_cohorts,3.265885603
1,Avg_PB_all_cohorts,3.328096189
1,Avg_PB_all_cohorts,3.700834133
1,Avg_PB_all_cohorts,3.126632721
1,Avg_PB_all_cohorts,3.588258287
1,Avg_PB_all_cohorts,3.377468989
1,Avg_PB_all_cohorts,3.458005872
1,Avg_PB_all_cohorts,3.249379769
1,Avg_PB_all_cohorts,4.355247739
1,Avg_PB_all_cohorts,3.946323747
1,Avg_PB_all_cohorts,2.754839138
1,Avg_PB_all_cohorts,3.778439653
1,Avg_PB_all_cohorts,3.561098505
1,Avg_PB_all_cohorts,4.01247653
1,Avg_PB_all_cohorts,3.30941245
1,Avg_PB_all_cohorts,3.69450681
1,Avg_PB_all_cohorts,3.722037459
1,Avg_PB_all_cohorts,3.932939962
1,Avg_PB_all_cohorts,3.219440324
1,Avg_PB_all_cohorts,3.39970783
1,Avg_PB_all_cohorts,3.95304908
1,Avg_PB_all_cohorts,4.043273202
1,Avg_PB_all_cohorts,3.937544788
1,Avg_PB_all_cohorts,3.761175883
1,Avg_PB_all_cohorts,4.005108745
1,Avg_PB_all_cohorts,2.862780909
1,Avg_PB_all_cohorts,3.47418135
1,Avg_PB_all_cohorts,3.179928201
1,Avg_PB_all_cohorts,3.042761358
1,Avg_PB_all_cohorts,3.508025966
1,Avg_PB_all_cohorts,3.280046215
1,Avg_PB_all_cohorts,3.632177428
1,Avg_PB_all_cohorts,3.443898614
1,Avg_PB_all_cohorts,3.831752818
1,Avg_PB_all_cohorts,3.498468355
1,Avg_PB_all_cohorts,2.832354958
1,Avg_PB_all_cohorts,3.811487863
1,Avg_PB_all_cohorts,3.240675427
1,Avg_PB_all_cohorts,3.212911313
1,Avg_PB_all_cohorts,3.144412797
1,Avg_PB_all_cohorts,3.582836369
1,Avg_PB_all_cohorts,3.389200573
1,Avg_PB_all_cohorts,3.532228616
1,Avg_PB_all_cohorts,3.983373478
1,Avg_PB_all_cohorts,3.657051777
1,Avg_PB_all_cohorts,3.265484476
1,Avg_PB_all_cohorts,4.102370093
1,Avg_PB_all_cohorts,3.408519713
1,Avg_PB_all_cohorts,3.926774904
1,Avg_PB_all_cohorts,3.767293859
1,Avg_PB_all_cohorts,3.125688883
1,Avg_PB_all_cohorts,3.829870727
1,Avg_PB_all_cohorts,3.360513949
1,Avg_PB_all_cohorts,3.530985825
1,Avg_PB_all_cohorts,3.430821335
1,Avg_PB_all_cohorts,4.252976105
1,Avg_PB_all_cohorts,3.924305421
1,Avg_PB_all_cohorts,3.577539405
1,Avg_PB_all_cohorts,3.853159225
1,Avg_PB_all_cohorts,3.919772078
1,Avg_PB_all_cohorts,3.353566341
1,Avg_PB_all_cohorts,2.892963814
1,Avg_PB_all_cohorts,3.471800894
1,Avg_PB_all_cohorts,3.569218359
1,Avg_PB_all_cohorts,3.822241991
1,Avg_PB_all_cohorts,3.863280343
1,Avg_PB_all_cohorts,3.830185786
1,Avg_PB_all_cohorts,3.17838173
1,Avg_PB_all_cohorts,3.389160176
1,Avg_PB_all_cohorts,4.231094983
1,Avg_PB_all_cohorts,3.70057721
1,Avg_PB_all_cohorts,3.39164509
1,Avg_PB_all_cohorts,4.193284751
1,Avg_PB_all_cohorts,3.182267896
1,Avg_PB_all_cohorts,3.48610731
1,Avg_PB_all_cohorts,3.647375493
1,Avg_PB_all_cohorts,4.20341982
1,Avg_PB_all_cohorts,3.610862805
1,Avg_PB_all_cohorts,3.453088426
1,Avg_PB_all_cohorts,3.572424939
1,Avg_PB_all_cohorts,4.212910379
1,Avg_PB_all_cohorts,3.14893812
1,Avg_PB_all_cohorts,3.742556099
1,Avg_PB_all_cohorts,3.139252015
1,Avg_PB_all_cohorts,3.767763423
1,Avg_PB_all_cohorts,3.887623716
1,Avg_PB_all_cohorts,4.057999593
1,Avg_PB_all_cohorts,3.030964063
1,Avg_PB_all_cohorts,4.117958566
1,Avg_PB_all_cohorts,3.219115033
1,Avg_PB_all_cohorts,3.213231633
1,Avg_PB_all_cohorts,3.725700085
1,Avg_PB_all_cohorts,2.980102606
1,Avg_PB_all_cohorts,4.233960696
1,Avg_PB_all_cohorts,4.206122812
1,Avg_PB_all_cohorts,3.631115977
1,Avg_PB_all_cohorts,3.231457096
1,Avg_PB_all_cohorts,2.717517671
1,Avg_PB_all_cohorts,3.235944452
1,Avg_PB_all_cohorts,4.025243067
1,Avg_PB_all_cohorts,3.194637044
1,Avg_PB_all_cohorts,3.240496784
1,Avg_PB_all_cohorts,3.367447376
1,Avg_PB_all_cohorts,3.702391174
1,Avg_PB_all_cohorts,3.961639417
1,Avg_PB_all_cohorts,3.604093382
1,Avg_PB_all_cohorts,3.1722021
1,Avg_PB_all_cohorts,3.276322519
1,Avg_PB_all_cohorts,4.04227048
1,Avg_PB_all_cohorts,3.191100338
1,Avg_PB_all_cohorts,3.993815246
1,Avg_PB_all_cohorts,3.905801569
1,Avg_PB_all_cohorts,3.556213705
1,Avg_PB_all_cohorts,3.238026639
1,Avg_PB_all_cohorts,3.551961601
1,Avg_PB_all_cohorts,3.750088716
1,Avg_PB_all_cohorts,3.524763345
1,Avg_PB_all_cohorts,3.449101196
1,Avg_PB_all_cohorts,3.920836507
1,Avg_PB_all_cohorts,3.759371597
1,Avg_PB_all_cohorts,3.511115685
1,Avg_PB_all_cohorts,3.064874437
1,Avg_PB_all_cohorts,3.914307136
1,Avg_PB_all_cohorts,3.33298635
1,Avg_PB_all_cohorts,3.361576954
1,Avg_PB_all_cohorts,3.893711749
1,Avg_PB_all_cohorts,3.475960605
1,Avg_PB_all_cohorts,2.860988169
1,Avg_PB_all_cohorts,3.751189106
1,Avg_PB_all_cohorts,3.906324209
1,Avg_PB_all_cohorts,3.519610719
1,Avg_PB_all_cohorts,3.723973754
1,Avg_PB_all_cohorts,4.077477496
1,Avg_PB_all_cohorts,3.093454076
1,Avg_PB_all_cohorts,3.652225643
1,Avg_PB_all_cohorts,3.505000746
1,Avg_PB_all_cohorts,3.017993843
1,Avg_PB_all_cohorts,3.77453867
1,Avg_PB_all_cohorts,3.439748617
1,Avg_PB_all_cohorts,3.44236497
1,Avg_PB_all_cohorts,3.844538547
1,Avg_PB_all_cohorts,2.969103604
1,Avg_PB_all_cohorts,3.683635329
1,Avg_PB_all_cohorts,3.741366218
1,Avg_PB_all_cohorts,3.446009541
1,Avg_PB_all_cohorts,3.708703587
1,Avg_PB_all_cohorts,3.669272456
1,Avg_PB_all_cohorts,3.895299413
1,Avg_PB_all_cohorts,3.120154423
1,Avg_PB_all_cohorts,4.15789749
1,Avg_PB_all_cohorts,3.930805006
1,Avg_PB_all_cohorts,3.300354627
1,Avg_PB_all_cohorts,3.481771403
1,Avg_PB_all_cohorts,3.422971698
1,Avg_PB_all_cohorts,3.737046243
1,Avg_PB_all_cohorts,3.244857244
1,Avg_PB_all_cohorts,4.296963688
1,Avg_PB_all_cohorts,3.802789868
1,Avg_PB_all_cohorts,2.892926574
1,Avg_PB_all_cohorts,3.598158963
1,Avg_PB_all_cohorts,3.891287665
1,Avg_PB_all_cohorts,3.778249487
1,Avg_PB_all_cohorts,3.763779707
1,Avg_PB_all_cohorts,3.996344448
1,Avg_PB_all_cohorts,3.378690324
1,Avg_PB_all_cohorts,3.453241073
1,Avg_PB_all_cohorts,3.588829173
1,Avg_PB_all_cohorts,4.26838603
1,Avg_PB_all_cohorts,3.676626996
1,Avg_PB_all_cohorts,4.015820643
1,Avg_PB_all_cohorts,3.642892403
1,Avg_PB_all_cohorts,3.438479895
1,Avg_PB_all_cohorts,3.442270783
1,Avg_PB_all_cohorts,3.995133118
1,Avg_PB_all_cohorts,2.859086831
1,Avg_PB_all_cohorts,4.182025002
1,Avg_PB_all_cohorts,3.369828533
1,Avg_PB_all_cohorts,2.973350712
1,Avg_PB_all_cohorts,3.992052123
1,Avg_PB_all_cohorts,3.388804796
1,Avg_PB_all_cohorts,3.67781441
1,Avg_PB_all_cohorts,4.034610486
1,Avg_PB_all_cohorts,2.797463038
1,Avg_PB_all_cohorts,2.928807724
1,Avg_PB_all_cohorts,4.150692395
1,Avg_PB_all_cohorts,3.912265887
1,Avg_PB_all_cohorts,3.831279342
1,Avg_PB_all_cohorts,3.602816386
1,Avg_PB_all_cohorts,3.482066789
1,Avg_PB_all_cohorts,3.783300925
1,Avg_PB_all_cohorts,3.898168972
1,Avg_PB_all_cohorts,3.562677612
1,Avg_PB_all_cohorts,3.713697527
1,Avg_PB_all_cohorts,3.391984819
1,Avg_PB_all_cohorts,3.137104892
1,Avg_PB_all_cohorts,3.247300915
1,Avg_PB_all_cohorts,3.601168518
1,Avg_PB_all_cohorts,4.195423152
1,Avg_PB_all_cohorts,3.863116598
1,Avg_PB_all_cohorts,3.530056913
1,Avg_PB_all_cohorts,3.611560735
1,Avg_PB_all_cohorts,3.180340953
1,Avg_PB_all_cohorts,3.882331058
1,Avg_PB_all_cohorts,3.72646259
1,Avg_PB_all_cohorts,3.007761162
1,Avg_PB_all_cohorts,3.957949499
1,Avg_PB_all_cohorts,3.687547752
1,Avg_PB_all_cohorts,3.693702594
1,Avg_PB_all_cohorts,3.176451174
1,Avg_PB_all_cohorts,3.001080052
1,Avg_PB_all_cohorts,2.969838173
1,Avg_PB_all_cohorts,4.193577083
1,Avg_PB_all_cohorts,3.435430076
1,Avg_PB_all_cohorts,4.095862539
1,Avg_PB_all_cohorts,2.441619405
1,Avg_PB_all_cohorts,4.657606893
1,Avg_PB_all_cohorts,3.104927624
1,Avg_PB_all_cohorts,3.412434333
1,Avg_PB_all_cohorts,4.032757567
1,Avg_PB_all_cohorts,4.089513808
1,Avg_PB_all_cohorts,3.835217701
1,Avg_PB_all_cohorts,3.434652935
1,Avg_PB_all_cohorts,2.99019454
1,Avg_PB_all_cohorts,3.483450596
1,Avg_PB_all_cohorts,3.446424668
1,Avg_PB_all_cohorts,3.657322906
1,Avg_PB_all_cohorts,3.095734041
1,Avg_PB_all_cohorts,3.55853289
1,Avg_PB_all_cohorts,3.871118523
1,Avg_PB_all_cohorts,3.947014165
1,Avg_PB_all_cohorts,3.661850676
1,Avg_PB_all_cohorts,3.274651681
1,Avg_PB_all_cohorts,2.706555679
1,Avg_PB_all_cohorts,3.727368187
1,Avg_PB_all_cohorts,3.801151076
1,Avg_PB_all_cohorts,4.232669328
1,Avg_PB_all_cohorts,3.283922739
1,Avg_PB_all_cohorts,3.403759067
1,Avg_PB_all_cohorts,3.410096848
1,Avg_PB_all_cohorts,3.452726572
1,Avg_PB_all_cohorts,3.310509431
1,Avg_PB_all_cohorts,3.849433551
1,Avg_PB_all_cohorts,3.139115947
1,Avg_PB_all_cohorts,2.779861856
1,Avg_PB_all_cohorts,3.668378089
1,Avg_PB_all_cohorts,2.8612482
1,Avg_PB_all_cohorts,3.590506833
1,Avg_PB_all_cohorts,3.547950975
1,Avg_PB_all_cohorts,3.34408469
1,Avg_PB_all_cohorts,3.331155454
1,Avg_PB_all_cohorts,3.751194544
1,Avg_PB_all_cohorts,3.835276667
1,Avg_PB_all_cohorts,3.166449652
1,Avg_PB_all_cohorts,3.619450055
1,Avg_PB_all_cohorts,3.652307951
1,Avg_PB_all_cohorts,3.667241035
1,Avg_PB_all_cohorts,3.244645298
1,Avg_PB_all_cohorts,3.444224992
1,Avg_PB_all_cohorts,3.542686498
1,Avg_PB_all_cohorts,3.644376992
1,Avg_PB_all_cohorts,3.188307756
1,Avg_PB_all_cohorts,4.076953419
1,Avg_PB_all_cohorts,3.612398828
1,Avg_PB_all_cohorts,4.039557269
1,Avg_PB_all_cohorts,3.619845739
1,Avg_PB_all_cohorts,4.14202866
1,Avg_PB_all_cohorts,3.540455748
1,Avg_PB_all_cohorts,3.480843138
1,Avg_PB_all_cohorts,3.733700118
1,Avg_PB_all_cohorts,3.444130772
1,Avg_PB_all_cohorts,4.134464003
1,Avg_PB_all_cohorts,4.43547861
1,Avg_PB_all_cohorts,3.562424573
1,Avg_PB_all_cohorts,3.805667207
1,Avg_PB_all_cohorts,3.49181995
1,Avg_PB_all_cohorts,3.810117993
1,Avg_PB_all_cohorts,3.275635633
1,Avg_PB_all_cohorts,3.963613672
1,Avg_PB_all_cohorts,2.793503609
1,Avg_PB_all_cohorts,3.331653564
1,Avg_PB_all_cohorts,3.01198181
1,Avg_PB_all_cohorts,3.627453638
1,Avg_PB_all_cohorts,3.326503751
1,Avg_PB_all_cohorts,3.594117325
1,Avg_PB_all_cohorts,3.923536517
1,Avg_PB_all_cohorts,3.338933023
1,Avg_PB_all_cohorts,3.629784756
1,Avg_PB_all_cohorts,3.175641974
1,Avg_PB_all_cohorts,3.751877748
1,Avg_PB_all_cohorts,2.845229375
1,Avg_PB_all_cohorts,2.929273428
1,Avg_PB_all_cohorts,3.146766061
1,Avg_PB_all_cohorts,3.100579631
1,Avg_PB_all_cohorts,3.618851195
1,Avg_PB_all_cohorts,3.798722027
1,Avg_PB_all_cohorts,3.451256163
1,Avg_PB_all_cohorts,3.551426521
1,Avg_PB_all_cohorts,3.688962869
1,Avg_PB_all_cohorts,3.761270858
1,Avg_PB_all_cohorts,3.709677953
1,Avg_PB_all_cohorts,3.480624787
1,Avg_PB_all_cohorts,3.828811895
1,Avg_PB_all_cohorts,4.09004076
1,Avg_PB_all_cohorts,3.401631209
1,Avg_PB_all_cohorts,2.980625735
1,Avg_PB_all_cohorts,3.486637458
1,Avg_PB_all_cohorts,3.102142538
1,Avg_PB_all_cohorts,3.290669475
1,Avg_PB_all_cohorts,3.434597367
1,Avg_PB_all_cohorts,4.148720937
1,Avg_PB_all_cohorts,3.528518149
1,Avg_PB_all_cohorts,3.535361079
1,Avg_PB_all_cohorts,4.390203148
1,Avg_PB_all_cohorts,2.908752164
1,Avg_PB_all_cohorts,3.852732175
1,Avg_PB_all_cohorts,3.989163063
1,Avg_PB_all_cohorts,3.520403593
1,Avg_PB_all_cohorts,3.159597205
1,Avg_PB_all_cohorts,3.41932982
1,Avg_PB_all_cohorts,3.622688979
1,Avg_PB_all_cohorts,2.670649838
1,Avg_PB_all_cohorts,3.666674276
1,Avg_PB_all_cohorts,3.372915409
1,Avg_PB_all_cohorts,3.461814605
1,Avg_PB_all_cohorts,4.026866363
1,Avg_PB_all_cohorts,3.621010688
1,Avg_PB_all_cohorts,2.929183924
1,Avg_PB_all_cohorts,3.957633344
1,Avg_PB_all_cohorts,3.899837231
1,Avg_PB_all_cohorts,3.766143625
1,Avg_PB_all_cohorts,3.559159554
1,Avg_PB_all_cohorts,3.559917688
1,Avg_PB_all_cohorts,3.596297734
1,Avg_PB_all_cohorts,3.440314678
1,Avg_PB_all_cohorts,3.744043041
1,Avg_PB_all_cohorts,3.342670817
1,Avg_PB_all_cohorts,4.00479006
1,Avg_PB_all_cohorts,3.915755211
1,Avg_PB_all_cohorts,3.176323576
1,Avg_PB_all_cohorts,4.134898419
1,Avg_PB_all_cohorts,3.500532177
1,Avg_PB_all_cohorts,4.16353105
1,Avg_PB_all_cohorts,3.518483611
1,Avg_PB_all_cohorts,2.917989682
1,Avg_PB_all_cohorts,3.193492657
1,Avg_PB_all_cohorts,3.823335065
1,Avg_PB_all_cohorts,3.54770993
1,Avg_PB_all_cohorts,3.657607824
1,Avg_PB_all_cohorts,2.993983113
1,Avg_PB_all_cohorts,3.679372329
1,Avg_PB_all_cohorts,3.861226024
1,Avg_PB_all_cohorts,3.932805724
1,Avg_PB_all_cohorts,3.557513835
1,Avg_PB_all_cohorts,3.518678761
1,Avg_PB_all_cohorts,4.488475848
1,Avg_PB_all_cohorts,3.683507449
1,Avg_PB_all_cohorts,4.170024199
1,Avg_PB_all_cohorts,3.949214827
1,Avg_PB_all_cohorts,3.763270828
1,Avg_PB_all_cohorts,3.359991303
1,Avg_PB_all_cohorts,4.20425439
1,Avg_PB_all_cohorts,3.028056496
1,Avg_PB_all_cohorts,3.669544233
1,Avg_PB_all_cohorts,3.555270289
1,Avg_PB_all_cohorts,3.351763595
1,Avg_PB_all_cohorts,3.169018821
1,Avg_PB_all_cohorts,3.726068896
1,Avg_PB_all_cohorts,3.201025095
1,Avg_PB_all_cohorts,3.195699916
1,Avg_PB_all_cohorts,3.987629844
1,Avg_PB_all_cohorts,3.627736923
1,Avg_PB_all_cohorts,3.629049371
1,Avg_PB_all_cohorts,4.022194295
1,Avg_PB_all_cohorts,3.41647989
1,Avg_PB_all_cohorts,3.521965247
1,Avg_PB_all_cohorts,3.850092585
1,Avg_PB_all_cohorts,3.370292325
1,Avg_PB_all_cohorts,3.48967448
1,Avg_PB_all_cohorts,3.732323905
1,Avg_PB_all_cohorts,3.786524719
1,Avg_PB_all_cohorts,4.095009709
1,Avg_PB_all_cohorts,3.894866533
1,Avg_PB_all_cohorts,3.380519659
1,Avg_PB_all_cohorts,3.84185436
1,Avg_PB_all_cohorts,3.764384793
1,Avg_PB_all_cohorts,3.635287428
1,Avg_PB_all_cohorts,3.643859228
1,Avg_PB_all_cohorts,3.729000598
1,Avg_PB_all_cohorts,4.180424091
1,Avg_PB_all_cohorts,3.220968492
1,Avg_PB_all_cohorts,3.033560619
1,Avg_PB_all_cohorts,3.65146551
1,Avg_PB_all_cohorts,2.975089568
1,Avg_PB_all_cohorts,3.458796259
1,Avg_PB_all_cohorts,3.813399699
1,Avg_PB_all_cohorts,3.818701067
1,Avg_PB_all_cohorts,3.434424798
1,Avg_PB_all_cohorts,3.517611686
1,Avg_PB_all_cohorts,3.405265951
1,Avg_PB_all_cohorts,4.278646002
1,Avg_PB_all_cohorts,3.297678231
1,Avg_PB_all_cohorts,3.453220358
1,Avg_PB_all_cohorts,4.263877993
1,Avg_PB_all_cohorts,3.30557884
1,Avg_PB_all_cohorts,3.446528717
1,Avg_PB_all_cohorts,4.21913456
1,Avg_PB_all_cohorts,4.414497386
1,Avg_PB_all_cohorts,3.286591618
1,Avg_PB_all_cohorts,4.251020962
1,Avg_PB_all_cohorts,3.625743305
1,Avg_PB_all_cohorts,3.685486802
1,Avg_PB_all_cohorts,3.292126489
1,Avg_PB_all_cohorts,3.273448656
1,Avg_PB_all_cohorts,3.564742328
1,Avg_PB_all_cohorts,3.112404963
1,Avg_PB_all_cohorts,3.905109996
1,Avg_PB_all_cohorts,3.429904069
1,Avg_PB_all_cohorts,3.683039476
1,Avg_PB_all_cohorts,2.955696881
1,Avg_PB_all_cohorts,4.096738383
1,Avg_PB_all_cohorts,3.535340935
1,Avg_PB_all_cohorts,3.31294118
1,Avg_PB_all_cohorts,3.380694432
1,Avg_PB_all_cohorts,3.650365833
1,Avg_PB_all_cohorts,3.008468731
1,Avg_PB_all_cohorts,4.120477333
1,Avg_PB_all_cohorts,3.967170921
1,Avg_PB_all_cohorts,3.688566548
1,Avg_PB_all_cohorts,3.539372272
1,Avg_PB_all_cohorts,3.317493865
1,Avg_PB_all_cohorts,3.459956246
1,Avg_PB_all_cohorts,3.710642393
1,Avg_PB_all_cohorts,3.919486785
1,Avg_PB_all_cohorts,3.500763625
1,Avg_PB_all_cohorts,3.833863033
1,Avg_PB_all_cohorts,3.324692516
1,Avg_PB_all_cohorts,3.787937956
1,Avg_PB_all_cohorts,3.438665479
1,Avg_PB_all_cohorts,3.783381518
1,Avg_PB_all_cohorts,3.439518134
1,Avg_PB_all_cohorts,4.305564869
1,Avg_PB_all_cohorts,3.402166634
1,Avg_PB_all_cohorts,3.875974817
1,Avg_PB_all_cohorts,3.984862957
1,Avg_PB_all_cohorts,4.205353102
1,Avg_PB_all_cohorts,3.324936309
1,Avg_PB_all_cohorts,3.398338862
1,Avg_PB_all_cohorts,3.942767551
1,Avg_PB_all_cohorts,3.811101315
1,Avg_PB_all_cohorts,3.393576989
1,Avg_PB_all_cohorts,3.57609137
1,Avg_PB_all_cohorts,3.472200017
1,Avg_PB_all_cohorts,3.663472533
1,Avg_PB_all_cohorts,2.891097016
1,Avg_PB_all_cohorts,3.753647222
1,Avg_PB_all_cohorts,3.366629079
1,Avg_PB_all_cohorts,3.89270693
1,Avg_PB_all_cohorts,3.748617527
1,Avg_PB_all_cohorts,3.847403913
1,Avg_PB_all_cohorts,3.890232256
1,Avg_PB_all_cohorts,3.074420582
1,Avg_PB_all_cohorts,2.624419122
1,Avg_PB_all_cohorts,3.655874367
1,Avg_PB_all_cohorts,4.080832107
1,Avg_PB_all_cohorts,3.657419244
1,Avg_PB_all_cohorts,3.48494839
1,Avg_PB_all_cohorts,3.172958864
1,Avg_PB_all_cohorts,3.31010276
1,Avg_PB_all_cohorts,4.18733393
1,Avg_PB_all_cohorts,3.500799782
1,Avg_PB_all_cohorts,3.643475337
1,Avg_PB_all_cohorts,3.353394343
1,Avg_PB_all_cohorts,3.539077254
1,Avg_PB_all_cohorts,3.570610635
1,Avg_PB_all_cohorts,3.807476572
1,Avg_PB_all_cohorts,2.964707607
1,Avg_PB_all_cohorts,3.393934314
1,Avg_PB_all_cohorts,2.736788329
1,Avg_PB_all_cohorts,4.654323152
1,Avg_PB_all_cohorts,3.843614047
1,Avg_PB_all_cohorts,3.504339804
1,Avg_PB_all_cohorts,3.259200323
1,Avg_PB_all_cohorts,3.415657922
1,Avg_PB_all_cohorts,4.023643015
1,Avg_PB_all_cohorts,3.789441537
1,Avg_PB_all_cohorts,3.968007534
1,Avg_PB_all_cohorts,3.922056217
1,Avg_PB_all_cohorts,3.694327957
1,Avg_PB_all_cohorts,2.865331018
1,Avg_PB_all_cohorts,3.327204791
1,Avg_PB_all_cohorts,3.543940766
1,Avg_PB_all_cohorts,4.027257293
1,Avg_PB_all_cohorts,3.15374716
1,Avg_PB_all_cohorts,4.092374976
1,Avg_PB_all_cohorts,3.917856351
1,Avg_PB_all_cohorts,3.261863147
1,Avg_PB_all_cohorts,3.567258025
1,Avg_PB_all_cohorts,3.395263754
1,Avg_PB_all_cohorts,2.991080981
1,Avg_PB_all_cohorts,3.678544063
1,Avg_PB_all_cohorts,3.6997068
1,Avg_PB_all_cohorts,3.993056558
1,Avg_PB_all_cohorts,3.311594212
1,Avg_PB_all_cohorts,3.33996664
1,Avg_PB_all_cohorts,3.803937166
1,Avg_PB_all_cohorts,3.192354239
1,Avg_PB_all_cohorts,2.951059075
1,Avg_PB_all_cohorts,3.767554012
1,Avg_PB_all_cohorts,3.287581328
1,Avg_PB_all_cohorts,3.64332012
1,Avg_PB_all_cohorts,3.769897954
1,Avg_PB_all_cohorts,3.576660685
1,Avg_PB_all_cohorts,3.189753971
1,Avg_PB_all_cohorts,3.647411482
1,Avg_PB_all_cohorts,3.730267057
1,Avg_PB_all_cohorts,2.964374969
1,Avg_PB_all_cohorts,3.753616802
1,Avg_PB_all_cohorts,3.581854122
1,Avg_PB_all_cohorts,3.797027804
1,Avg_PB_all_cohorts,4.334313982
1,Avg_PB_all_cohorts,3.717312487
1,Avg_PB_all_cohorts,3.663768237
1,Avg_PB_all_cohorts,3.829600518
1,Avg_PB_all_cohorts,2.905539071
1,Avg_PB_all_cohorts,3.654345599
1,Avg_PB_all_cohorts,3.200379991
1,Avg_PB_all_cohorts,3.96079947
1,Avg_PB_all_cohorts,3.645587046
1,Avg_PB_all_cohorts,3.99474183
1,Avg_PB_all_cohorts,3.842779037
1,Avg_PB_all_cohorts,3.162313877
1,Avg_PB_all_cohorts,3.163364349
1,Avg_PB_all_cohorts,3.476124128
1,Avg_PB_all_cohorts,3.45133308
1,Avg_PB_all_cohorts,3.826881858
1,Avg_PB_all_cohorts,4.531821879
1,Avg_PB_all_cohorts,3.17906926
1,Avg_PB_all_cohorts,3.537278373
1,Avg_PB_all_cohorts,4.030154893
1,Avg_PB_all_cohorts,3.235842975
1,Avg_PB_all_cohorts,4.024780986
1,Avg_PB_all_cohorts,3.528752771
1,Avg_PB_all_cohorts,3.849343841
1,Avg_PB_all_cohorts,4.35247549
1,Avg_PB_all_cohorts,3.487487558
1,Avg_PB_all_cohorts,2.936509358
1,Avg_PB_all_cohorts,3.092655609
1,Avg_PB_all_cohorts,3.987345732
1,Avg_PB_all_cohorts,3.603609905
1,Avg_PB_all_cohorts,4.276007547
1,Avg_PB_all_cohorts,3.980756885
1,Avg_PB_all_cohorts,3.298902518
1,Avg_PB_all_cohorts,3.366765474
1,Avg_PB_all_cohorts,4.05528722
1,Avg_PB_all_cohorts,3.948725459
1,Avg_PB_all_cohorts,3.265202276
1,Avg_PB_all_cohorts,3.940578397
1,Avg_PB_all_cohorts,3.188494222
1,Avg_PB_all_cohorts,3.815668873
1,Avg_PB_all_cohorts,4.284465653
1,Avg_PB_all_cohorts,3.946996264
1,Avg_PB_all_cohorts,3.309495783
1,Avg_PB_all_cohorts,3.736156072
1,Avg_PB_all_cohorts,3.783966867
1,Avg_PB_all_cohorts,3.700343404
1,Avg_PB_all_cohorts,3.514148644
1,Avg_PB_all_cohorts,3.403202729
1,Avg_PB_all_cohorts,3.622982808
1,Avg_PB_all_cohorts,3.434167048
1,Avg_PB_all_cohorts,2.926589859
1,Avg_PB_all_cohorts,3.397146437
1,Avg_PB_all_cohorts,4.029493149
1,Avg_PB_all_cohorts,3.57637741
1,Avg_PB_all_cohorts,2.994197679
1,Avg_PB_all_cohorts,3.566127818
1,Avg_PB_all_cohorts,3.183683021
1,Avg_PB_all_cohorts,3.735967569
1,Avg_PB_all_cohorts,3.334031022
1,Avg_PB_all_cohorts,3.13602115
1,Avg_PB_all_cohorts,3.915158859
1,Avg_PB_all_cohorts,3.32140212
1,Avg_PB_all_cohorts,3.594789569
1,Avg_PB_all_cohorts,3.144469467
1,Avg_PB_all_cohorts,3.702186893
1,Avg_PB_all_cohorts,3.407275057
1,Avg_PB_all_cohorts,3.736561997
1,Avg_PB_all_cohorts,3.326452915
1,Avg_PB_all_cohorts,3.567934397
1,Avg_PB_all_cohorts,3.126031506
1,Avg_PB_all_cohorts,3.671213356
1,Avg_PB_all_cohorts,3.720759515
1,Avg_PB_all_cohorts,3.360372443
1,Avg_PB_all_cohorts,4.815780947
1,Avg_PB_all_cohorts,3.467104561
1,Avg_PB_all_cohorts,3.000005182
1,Avg_PB_all_cohorts,3.825359619
1,Avg_PB_all_cohorts,3.967667499
1,Avg_PB_all_cohorts,3.82700506
1,Avg_PB_all_cohorts,3.802731645
1,Avg_PB_all_cohorts,3.70398703
1,Avg_PB_all_cohorts,3.303187575
1,Avg_PB_all_cohorts,3.351891726
1,Avg_PB_all_cohorts,3.615046288
1,Avg_PB_all_cohorts,4.183637391
1,Avg_PB_all_cohorts,3.64198561
1,Avg_PB_all_cohorts,3.164629847
1,Avg_PB_all_cohorts,3.807673738
1,Avg_PB_all_cohorts,3.417028408
1,Avg_PB_all_cohorts,3.308734712
1,Avg_PB_all_cohorts,3.888001228
1,Avg_PB_all_cohorts,3.072756668
1,Avg_PB_all_cohorts,4.172484611
1,Avg_PB_all_cohorts,3.663530109
1,Avg_PB_all_cohorts,3.670407791
1,Avg_PB_all_cohorts,3.543011104
1,Avg_PB_all_cohorts,3.383281991
1,Avg_PB_all_cohorts,4.021711317
1,Avg_PB_all_cohorts,3.264925378
1,Avg_PB_all_cohorts,3.666967533
1,Avg_PB_all_cohorts,3.796290069
1,Avg_PB_all_cohorts,3.389512476
1,Avg_PB_all_cohorts,3.394526699
1,Avg_PB_all_cohorts,3.069010982
1,Avg_PB_all_cohorts,3.425072986
1,Avg_PB_all_cohorts,3.059415153
1,Avg_PB_all_cohorts,3.611959538
1,Avg_PB_all_cohorts,4.040388339
1,Avg_PB_all_cohorts,3.523463908
1,Avg_PB_all_cohorts,4.185445163
1,Avg_PB_all_cohorts,3.476000438
1,Avg_PB_all_cohorts,4.111872112
1,Avg_PB_all_cohorts,3.488132375
1,Avg_PB_all_cohorts,3.811284975
1,Avg_PB_all_cohorts,3.567215462
1,Avg_PB_all_cohorts,3.683186316
1,Avg_PB_all_cohorts,4.46450478
1,Avg_PB_all_cohorts,3.696501881
1,Avg_PB_all_cohorts,3.357928624
1,Avg_PB_all_cohorts,3.557968323
1,Avg_PB_all_cohorts,3.705484841
1,Avg_PB_all_cohorts,3.70233356
1,Avg_PB_all_cohorts,4.140734652
1,Avg_PB_all_cohorts,3.753964338
1,Avg_PB_all_cohorts,3.663668099
1,Avg_PB_all_cohorts,3.634534334
1,Avg_PB_all_cohorts,4.004270633
1,Avg_PB_all_cohorts,3.26441332
1,Avg_PB_all_cohorts,3.423791416
1,Avg_PB_all_cohorts,3.787641424
1,Avg_PB_all_cohorts,3.60667362
1,Avg_PB_all_cohorts,3.943523231
1,Avg_PB_all_cohorts,2.731260063
1,Avg_PB_all_cohorts,3.845598381
1,Avg_PB_all_cohorts,3.663410854
1,Avg_PB_all_cohorts,3.747070147
1,Avg_PB_all_cohorts,3.393858176
1,Avg_PB_all_cohorts,3.15928571
1,Avg_PB_all_cohorts,3.612388153
1,Avg_PB_all_cohorts,4.227964245
1,Avg_PB_all_cohorts,3.661559353
1,Avg_PB_all_cohorts,3.598875431
1,Avg_PB_all_cohorts,3.517428311
1,Avg_PB_all_cohorts,3.475814103
1,Avg_PB_all_cohorts,3.338759719
1,Avg_PB_all_cohorts,4.09295205
1,Avg_PB_all_cohorts,3.550022156
1,Avg_PB_all_cohorts,4.247631511
1,Avg_PB_all_cohorts,4.298820993
1,Avg_PB_all_cohorts,3.332096228
1,Avg_PB_all_cohorts,3.253506146
1,Avg_PB_all_cohorts,3.7704768
1,Avg_PB_all_cohorts,3.697481632
1,Avg_PB_all_cohorts,3.279161024
1,Avg_PB_all_cohorts,4.140422449
1,Avg_PB_all_cohorts,3.235030403
1,Avg_PB_all_cohorts,3.667384256
1,Avg_PB_all_cohorts,3.394505033
1,Avg_PB_all_cohorts,3.894283258
1,Avg_PB_all_cohorts,4.207112799
1,Avg_PB_all_cohorts,3.467291883
1,Avg_PB_all_cohorts,3.672522136
1,Avg_PB_all_cohorts,3.392124976
1,Avg_PB_all_cohorts,2.994394036
1,Avg_PB_all_cohorts,3.01192461
1,Avg_PB_all_cohorts,2.99588902
1,Avg_PB_all_cohorts,3.619733995
1,Avg_PB_all_cohorts,3.747431671
1,Avg_PB_all_cohorts,3.951134107
1,Avg_PB_all_cohorts,3.917795747
1,Avg_PB_all_cohorts,3.992242605
1,Avg_PB_all_cohorts,4.022869434
1,Avg_PB_all_cohorts,3.562486632
1,Avg_PB_all_cohorts,3.505744516
1,Avg_PB_all_cohorts,3.340441663
1,Avg_PB_all_cohorts,3.791728376
1,Avg_PB_all_cohorts,3.314465473
1,Avg_PB_all_cohorts,3.748865817
1,Avg_PB_all_cohorts,3.201314877
1,Avg_PB_all_cohorts,3.315144588
1,Avg_PB_all_cohorts,3.302121135
1,Avg_PB_all_cohorts,3.449631089
1,Avg_PB_all_cohorts,3.550615189
1,Avg_PB_all_cohorts,3.386196289
1,Avg_PB_all_cohorts,3.210794582
1,Avg_PB_all_cohorts,2.937783137
1,Avg_PB_all_cohorts,3.886896555
1,Avg_PB_all_cohorts,4.349482791
1,Avg_PB_all_cohorts,3.632022668
1,Avg_PB_all_cohorts,3.823017573
1,Avg_PB_all_cohorts,3.971169512
1,Avg_PB_all_cohorts,3.245638951
1,Avg_PB_all_cohorts,3.531460833
1,Avg_PB_all_cohorts,3.453800507
1,Avg_PB_all_cohorts,3.718305037
1,Avg_PB_all_cohorts,4.075081147
1,Avg_PB_all_cohorts,4.366122074
1,Avg_PB_all_cohorts,3.664354365
1,Avg_PB_all_cohorts,3.503642617
1,Avg_PB_all_cohorts,3.639775501
1,Avg_PB_all_cohorts,4.501913446
1,Avg_PB_all_cohorts,3.309039447
1,Avg_PB_all_cohorts,3.646699204
1,Avg_PB_all_cohorts,4.318870458
1,Avg_PB_all_cohorts,3.724095211
1,Avg_PB_all_cohorts,3.18507311
1,Avg_PB_all_cohorts,3.455184103
1,Avg_PB_all_cohorts,3.186523751
1,Avg_PB_all_cohorts,3.21382743
1,Avg_PB_all_cohorts,3.802867949
1,Avg_PB_all_cohorts,4.151427188
1,Avg_PB_all_cohorts,3.12973234
1,Avg_PB_all_cohorts,3.061763147
1,Avg_PB_all_cohorts,3.758204029
1,Avg_PB_all_cohorts,3.56868965
1,Avg_PB_all_cohorts,3.105719171
1,Avg_PB_all_cohorts,3.629847662
1,Avg_PB_all_cohorts,3.533604927
1,Avg_PB_all_cohorts,4.021166821
1,Avg_PB_all_cohorts,3.698899152
1,Avg_PB_all_cohorts,3.633199188
1,Avg_PB_all_cohorts,3.936649311
1,Avg_PB_all_cohorts,3.625418358
1,Avg_PB_all_cohorts,4.148114658
1,Avg_PB_all_cohorts,3.824713467
1,Avg_PB_all_cohorts,4.375318266
1,Avg_PB_all_cohorts,4.166483226
1,Avg_PB_all_cohorts,3.527412033
1,Avg_PB_all_cohorts,3.305718438
1,Avg_PB_all_cohorts,3.465492699
1,Avg_PB_all_cohorts,3.977806721
1,Avg_PB_all_cohorts,3.601291419
1,Avg_PB_all_cohorts,3.774019847
1,Avg_PB_all_cohorts,3.418095789
1,Avg_PB_all_cohorts,3.57860915
1,Avg_PB_all_cohorts,3.904896459
1,Avg_PB_all_cohorts,3.993091068
1,Avg_PB_all_cohorts,3.673164098
1,Avg_PB_all_cohorts,3.681420062
1,Avg_PB_all_cohorts,3.28494111
1,Avg_PB_all_cohorts,3.522887397
1,Avg_PB_all_cohorts,3.411540501
1,Avg_PB_all_cohorts,4.296828626
1,Avg_PB_all_cohorts,3.711370456
1,Avg_PB_all_cohorts,3.092594123
1,Avg_PB_all_cohorts,3.294051326
1,Avg_PB_all_cohorts,3.695414826
1,Avg_PB_all_cohorts,3.720169254
1,Avg_PB_all_cohorts,3.473800106
1,Avg_PB_all_cohorts,3.537268772
1,Avg_PB_all_cohorts,3.79870197
1,Avg_PB_all_cohorts,4.181389779
1,Avg_PB_all_cohorts,3.330521235
1,Avg_PB_all_cohorts,3.390634629
1,Avg_PB_all_cohorts,4.200588345
1,Avg_PB_all_cohorts,2.844252542
1,Avg_PB_all_cohorts,3.798010534
1,Avg_PB_all_cohorts,3.734131519
1,Avg_PB_all_cohorts,3.807849335
1,Avg_PB_all_cohorts,3.861020549
1,Avg_PB_all_cohorts,3.386332801
1,Avg_PB_all_cohorts,3.513364917
1,Avg_PB_all_cohorts,4.097677002
1,Avg_PB_all_cohorts,3.921896308
1,Avg_PB_all_cohorts,3.535995202
1,Avg_PB_all_cohorts,3.820466308
1,Avg_PB_all_cohorts,4.001536154
1,Avg_PB_all_cohorts,3.831840537
1,Avg_PB_all_cohorts,3.445348917
1,Avg_PB_all_cohorts,3.241182912
1,Avg_PB_all_cohorts,3.889036843
1,Avg_PB_all_cohorts,3.371101065
1,Avg_PB_all_cohorts,4.508806203
1,Avg_PB_all_cohorts,3.340335054
1,Avg_PB_all_cohorts,3.64591365
1,Avg_PB_all_cohorts,3.700515752
1,Avg_PB_all_cohorts,4.217708912
1,Avg_PB_all_cohorts,3.202611459
1,Avg_PB_all_cohorts,4.192120508
1,Avg_PB_all_cohorts,3.199109008
1,Avg_PB_all_cohorts,3.007824792
1,Avg_PB_all_cohorts,3.327488312
1,Avg_PB_all_cohorts,3.056365404
1,Avg_PB_all_cohorts,3.83983211
1,Avg_PB_all_cohorts,3.601357874
1,Avg_PB_all_cohorts,4.031342878
1,Avg_PB_all_cohorts,3.940323992
1,Avg_PB_all_cohorts,3.055937745
1,Avg_PB_all_cohorts,3.605821632
1,Avg_PB_all_cohorts,3.92323588
1,Avg_PB_all_cohorts,3.635041455
1,Avg_PB_all_cohorts,3.501714419
1,Avg_PB_all_cohorts,3.18460095
1,Avg_PB_all_cohorts,3.311650127
1,Avg_PB_all_cohorts,3.63508717
1,Avg_PB_all_cohorts,3.540508461
1,Avg_PB_all_cohorts,3.867628645
1,Avg_PB_all_cohorts,3.932583605
1,Avg_PB_all_cohorts,4.325239673
1,Avg_PB_all_cohorts,3.083606893
1,Avg_PB_all_cohorts,4.56161183
1,Avg_PB_all_cohorts,3.662389963
1,Avg_PB_all_cohorts,3.365670437
1,Avg_PB_all_cohorts,3.347032098
1,Avg_PB_all_cohorts,3.522100085
1,Avg_PB_all_cohorts,3.192067687
1,Avg_PB_all_cohorts,3.774433835
1,Avg_PB_all_cohorts,4.000448298
1,Avg_PB_all_cohorts,3.552681525
1,Avg_PB_all_cohorts,4.048094791
1,Avg_PB_all_cohorts,3.96280109
1,Avg_PB_all_cohorts,4.260679898
1,Avg_PB_all_cohorts,3.596377046
1,Avg_PB_all_cohorts,3.519846696
1,Avg_PB_all_cohorts,3.537119933
1,Avg_PB_all_cohorts,3.432915029
1,Avg_PB_all_cohorts,3.507281983
1,Avg_PB_all_cohorts,3.851559213
1,Avg_PB_all_cohorts,3.764745911
1,Avg_PB_all_cohorts,3.651049327
1,Avg_PB_all_cohorts,4.254967919
1,Avg_PB_all_cohorts,3.156252819
1,Avg_PB_all_cohorts,2.859496443
1,Avg_PB_all_cohorts,3.418243933
1,Avg_PB_all_cohorts,3.825288891
1,Avg_PB_all_cohorts,3.584116551
1,Avg_PB_all_cohorts,3.397980088
1,Avg_PB_all_cohorts,3.487938385
1,Avg_PB_all_cohorts,4.07778544
1,Avg_PB_all_cohorts,3.71364747
1,Avg_PB_all_cohorts,3.474432621
1,Avg_PB_all_cohorts,3.738654165
1,Avg_PB_all_cohorts,3.729126156
1,Avg_PB_all_cohorts,2.937840139
1,Avg_PB_all_cohorts,4.073823179
1,Avg_PB_all_cohorts,3.372065746
1,Avg_PB_all_cohorts,3.376496599
1,Avg_PB_all_cohorts,3.666708235
1,Avg_PB_all_cohorts,3.251743051
1,Avg_PB_all_cohorts,3.621298715
1,Avg_PB_all_cohorts,3.183871977
1,Avg_PB_all_cohorts,4.345876073
1,Avg_PB_all_cohorts,3.498373017
1,Avg_PB_all_cohorts,4.192969018
1,Avg_PB_all_cohorts,3.343052332
1,Avg_PB_all_cohorts,3.795300987
1,Avg_PB_all_cohorts,3.198833656
1,Avg_PB_all_cohorts,3.325486356
1,Avg_PB_all_cohorts,3.500798561
1,Avg_PB_all_cohorts,3.844724567
1,Avg_PB_all_cohorts,3.253156064
1,Avg_PB_all_cohorts,3.897603268
1,Avg_PB_all_cohorts,3.824871016
1,Avg_PB_all_cohorts,4.101330449
1,Avg_PB_all_cohorts,3.417304723
1,Avg_PB_all_cohorts,4.310084888
1,Avg_PB_all_cohorts,3.855711786
1,Avg_PB_all_cohorts,2.962303785
1,Avg_PB_all_cohorts,3.812127857
1,Avg_PB_all_cohorts,3.490381401
1,Avg_PB_all_cohorts,4.005231919
1,Avg_PB_all_cohorts,2.92097901
1,Avg_PB_all_cohorts,3.992432999
1,Avg_PB_all_cohorts,3.584559151
1,Avg_PB_all_cohorts,4.124405952
1,Avg_PB_all_cohorts,4.071173774
1,Avg_PB_all_cohorts,3.026752369
1,Avg_PB_all_cohorts,4.502172618
1,Avg_PB_all_cohorts,4.107755683
1,Avg_PB_all_cohorts,3.578983512
1,Avg_PB_all_cohorts,3.569987961
1,Avg_PB_all_cohorts,3.570195875
1,Avg_PB_all_cohorts,3.857677869
1,Avg_PB_all_cohorts,3.790109082
1,Avg_PB_all_cohorts,3.606978715
1,Avg_PB_all_cohorts,3.326435638
1,Avg_PB_all_cohorts,3.530820402
1,Avg_PB_all_cohorts,3.141607536
1,Avg_PB_all_cohorts,2.985826033
1,Avg_PB_all_cohorts,4.002252425
1,Avg_PB_all_cohorts,4.293123191
1,Avg_PB_all_cohorts,3.592339174
1,Avg_PB_all_cohorts,3.376457272
1,Avg_PB_all_cohorts,4.293390901
